Model,Depth,N Estimators,MSE,RMSE,MAE,R2
RandomForest,15,110,0.031476645320949466,0.17741658693862156,0.1270925299840581,0.8895680443509105
